Dobong-gu,Seoul,South Korea
Dongdaemun-gu,Seoul,South Korea
Dongjak-gu,Seoul,South Korea
Eunpyeong-gu,Seoul,South Korea
Gangbuk-gu,Seoul,South Korea
Gangdong-gu,Seoul,South Korea
Gangnam-gu,Seoul,South Korea
Gangseo-gu,Seoul,South Korea
Geumcheon-gu,Seoul,South Korea
Guro-gu,Seoul,South Korea
Gwanak-gu,Seoul,South Korea
Gwangjin-gu,Seoul,South Korea
Jongno-gu,Seoul,South Korea
Jung-gu,Seoul,South Korea
Jungnang-gu,Seoul,South Korea
Mapo-gu,Seoul,South Korea
Nowon-gu,Seoul,South Korea
Seocho-gu,Seoul,South Korea
Seodaemun-gu,Seoul,South Korea
Seongbuk-gu,Seoul,South Korea
Seongdong-gu,Seoul,South Korea
Songpa-gu,Seoul,South Korea
Yangcheon-gu,Seoul,South Korea
Yeongdeungpo-gu,Seoul,South Korea
Yongsan-gu,Seoul,South Korea
